{"608950395":{"range":30,"attenuation":{"diffRoom":6,"sameRoom":4},"diffRoomVolume":0.25,"label":"TV","scaleform":{"rotation":{"x":19.99999618530273,"y":-4.535672246674949e-7,"z":90.49561309814453},"attached":false,"position":{"x":-1910.81201171875,"y":2077.7265625,"z":142.8647918701172},"name":"pmms_texture_renderer","standalone":false,"scale":{"x":0.15999999642372,"y":0.10999999940395,"z":0.0}},"filter":false,"volume":100,"renderTarget":"ex_tvscreen","isVehicle":false}}